Date,Day,Type,Description
2025-07-01,Tue,Working Day,Regular class day
2025-07-02,Wed,Working Day,Regular class day
2025-07-03,Thu,Working Day,Regular class day
2025-07-04,Fri,Working Day,Regular class day
2025-07-05,Sat,Holiday,Holiday
2025-07-06,Sun,Holiday,Holiday
2025-07-07,Mon,Working Day,Regular class day
2025-07-08,Tue,Working Day,Regular class day
2025-07-09,Wed,Working Day,Regular class day
2025-07-10,Thu,Working Day,IA Test I QP Due
2025-07-11,Fri,Working Day,Regular class day
2025-07-12,Sat,Holiday,Holiday
2025-07-13,Sun,Holiday,Holiday
2025-07-14,Mon,Working Day,"Classes commence for II, III & IV Semester"
2025-07-15,Tue,Working Day,Regular class day
2025-07-16,Wed,Working Day,Regular class day
2025-07-17,Thu,Working Day,Regular class day
2025-07-18,Fri,Working Day,Regular class day
2025-07-19,Sat,Working Day,Regular class day
2025-07-20,Sun,Holiday,Holiday
2025-07-21,Mon,Working Day,Regular class day
2025-07-22,Tue,Working Day,Regular class day
2025-07-23,Wed,Working Day,Regular class day
2025-07-24,Thu,Working Day,Regular class day
2025-07-25,Fri,Working Day,Regular class day
2025-07-26,Sat,Holiday,Holiday
2025-07-27,Sun,Holiday,Holiday
2025-07-28,Mon,Working Day,Regular class day
2025-07-29,Tue,Working Day,Regular class day
2025-07-30,Wed,Working Day,Regular class day
2025-07-31,Thu,Working Day,Regular class day
2025-08-01,Fri,Holiday,Holiday
2025-08-02,Sat,Holiday,Holiday
2025-08-03,Sun,Holiday,Holiday
2025-08-04,Mon,Working Day,Regular class day
2025-08-05,Tue,Working Day,Regular class day
2025-08-06,Wed,Working Day,IA Test I
2025-08-07,Thu,Working Day,IA Test I
2025-08-08,Fri,Working Day,IA Test I
2025-08-09,Sat,Working Day,IA Test I
2025-08-10,Sun,Holiday,Holiday
2025-08-11,Mon,Working Day,IA Test I
2025-08-12,Tue,Working Day,IA Test I
2025-08-13,Wed,Working Day,Regular class day
2025-08-14,Thu,Working Day,Classes commence for I B.E./B.Tech.
2025-08-15,Fri,Holiday,Independence Day / Holiday
2025-08-16,Sat,Holiday,Krishna Jayanthi / Holiday
2025-08-17,Sun,Holiday,Holiday
2025-08-18,Mon,Working Day,IA Test I
2025-08-19,Tue,Working Day,IA Test I
2025-08-20,Wed,Working Day,Regular class day
2025-08-21,Thu,Working Day,Regular class day
2025-08-22,Fri,Working Day,Regular class day
2025-08-23,Sat,Holiday,Holiday
2025-08-24,Sun,Holiday,Holiday
2025-08-25,Mon,Working Day,Regular class day
2025-08-26,Tue,Working Day,Regular class day
2025-08-27,Wed,Holiday,Vinayagar Chathurthi / Holiday
2025-08-28,Thu,Working Day,Regular class day
2025-08-29,Fri,Working Day,Student Feedback-I
2025-08-30,Sat,Holiday,Holiday
2025-08-31,Sun,Holiday,Holiday
2025-09-01,Mon,Working Day,Regular class day
2025-09-02,Tue,Working Day,Regular class day
2025-09-03,Wed,Working Day,Regular class day
2025-09-04,Thu,Working Day,Regular class day
2025-09-05,Fri,Holiday,Milad-un-Nabi / Holiday / Teachers' Day
2025-09-06,Sat,Working Day,Regular class day
2025-09-07,Sun,Holiday,Holiday
2025-09-08,Mon,Working Day,IA Test II
2025-09-09,Tue,Working Day,IA Test II
2025-09-10,Wed,Working Day,Regular class day
2025-09-11,Thu,Working Day,Regular class day
2025-09-12,Fri,Working Day,Regular class day
2025-09-13,Sat,Working Day,Regular class day
2025-09-14,Sun,Holiday,Holiday
2025-09-15,Mon,Working Day,Regular class day
2025-09-16,Tue,Working Day,Regular class day
2025-09-17,Wed,Working Day,World Ozone Day / NSS Programme
2025-09-18,Thu,Working Day,Engineers' Day / IA Test II
2025-09-19,Fri,Working Day,IA Test II
2025-09-20,Sat,Working Day,IA Test II
2025-09-21,Sun,Holiday,Holiday
2025-09-22,Mon,Working Day,IA Test II
2025-09-23,Tue,Working Day,IA Test II
2025-09-24,Wed,Working Day,Regular class day
2025-09-25,Thu,Working Day,Regular class day
2025-09-26,Fri,Working Day,Regular class day
2025-09-27,Sat,Working Day,NSS Day
2025-09-28,Sun,Holiday,Holiday
2025-09-29,Mon,Working Day,Regular class day
2025-09-30,Tue,Working Day,Regular class day
2025-10-01,Wed,Working Day,Regular class day
2025-10-02,Thu,Holiday,Gandhi Jayanthi / Vijayadashami / Holiday
2025-10-03,Fri,Holiday,Holiday
2025-10-04,Sat,Working Day,Regular class day
2025-10-05,Sun,Holiday,Holiday
2025-10-06,Mon,Working Day,IA Test III QP Due
2025-10-07,Tue,Working Day,Regular class day
2025-10-08,Wed,Working Day,Regular class day
2025-10-09,Thu,Working Day,Regular class day
2025-10-10,Fri,Working Day,Malaria completion for IAT portions
2025-10-11,Sat,Holiday,Holiday
2025-10-12,Sun,Holiday,Holiday
2025-10-13,Mon,Working Day,Regular class day
2025-10-14,Tue,Working Day,IA Test III
2025-10-15,Wed,Working Day,IA Test III
2025-10-16,Thu,Working Day,IA Test III
2025-10-17,Fri,Working Day,IA Test III
2025-10-18,Sat,Working Day,Regular class day
2025-10-19,Sun,Holiday,Holiday
2025-10-20,Mon,Working Day,Regular class day
2025-10-21,Tue,Working Day,Regular class day
2025-10-22,Wed,Working Day,Regular class day
2025-10-23,Thu,Holiday,Deepavali / Holiday
2025-10-24,Fri,Holiday,Holiday
2025-10-25,Sat,Holiday,Holiday
2025-10-26,Sun,Holiday,Holiday
2025-10-27,Mon,Working Day,Regular class day
2025-10-28,Tue,Working Day,Regular class day
2025-10-29,Wed,Working Day,Regular class day
2025-10-30,Thu,Working Day,Regular class day
2025-10-31,Fri,Working Day,Regular class day
2025-11-01,Sat,Holiday,Holiday
2025-11-02,Sun,Holiday,Holiday
2025-11-03,Mon,Working Day,Second Semester Practical Examinations Begin
2025-11-04,Tue,Working Day,Regular class day
2025-11-05,Wed,Working Day,Regular class day
2025-11-06,Thu,Working Day,Regular class day
2025-11-07,Fri,Working Day,Regular class day
2025-11-08,Sat,Holiday,Holiday
2025-11-09,Sun,Holiday,Holiday
2025-11-10,Mon,Working Day,Study Holiday & End Semester Seminar Examination Arrives
2025-11-11,Tue,Working Day,Regular class day
2025-11-12,Wed,Holiday,National Education Day / Holiday
2025-11-13,Thu,Working Day,Regular class day
2025-11-14,Fri,Holiday,Children's Day / Holiday
2025-11-15,Sat,Holiday,Holiday
2025-11-16,Sun,Holiday,Holiday
2025-11-17,Mon,Working Day,Regular class day
2025-11-18,Tue,Working Day,Regular class day
2025-11-19,Wed,Working Day,Regular class day
2025-11-20,Thu,Working Day,Regular class day
2025-11-21,Fri,Working Day,Regular class day
2025-11-22,Sat,Working Day,End Semester Theory Examination Begins
2025-11-23,Sun,Holiday,Holiday
2025-11-24,Mon,Working Day,Regular class day
2025-11-25,Tue,Working Day,Regular class day
2025-11-26,Wed,Working Day,Regular class day
2025-11-27,Thu,Working Day,Regular class day
2025-11-28,Fri,Working Day,Syllabus Completion
2025-11-29,Sat,Working Day,Mock Practical
2025-11-30,Sun,Working Day,National Unity Day / Mock Practical
